price,date
134.3882539523102,2024-06-22 15:05:38.147
134.28736692438898,2024-06-22 16:05:47.016
134.56171122631585,2024-06-22 17:04:27.750
134.01225887861264,2024-06-22 18:08:53.137
134.0629570272465,2024-06-22 19:05:28.177
134.4078525702428,2024-06-22 20:02:49.497
134.170656731463,2024-06-22 21:09:08.570
134.51790047515394,2024-06-22 22:06:53.555
134.1566078231245,2024-06-22 23:00:23.577
133.67633964198632,2024-06-23 00:09:27.287
134.53218035770135,2024-06-23 01:03:53.814
134.81195382748578,2024-06-23 02:07:36.087
134.63828488771796,2024-06-23 03:04:58.133
134.67435170386418,2024-06-23 04:06:20.679
134.5426159869481,2024-06-23 05:01:04.700
134.34830078253586,2024-06-23 06:04:14.276
134.4142914666625,2024-06-23 07:04:05.672
134.70028953288087,2024-06-23 08:04:41.023
134.57765304595992,2024-06-23 09:07:08.826
134.4313234084971,2024-06-23 10:06:27.621
133.92537003933074,2024-06-23 11:00:31.141
133.88276865861428,2024-06-23 12:05:49.895
133.9376863692963,2024-06-23 13:02:46.940
133.4609325884974,2024-06-23 14:09:09.968
132.11137354036674,2024-06-23 15:07:52.016
131.4995736426471,2024-06-23 16:04:00.965
130.63225215802677,2024-06-23 17:05:56.556
131.28552896490274,2024-06-23 18:08:52.731
131.6611128068396,2024-06-23 19:04:45.826
131.40486657659264,2024-06-23 20:01:50.563
130.2012524192926,2024-06-23 21:04:19.809
130.48467519780775,2024-06-23 22:04:00.324
129.0387616224129,2024-06-23 23:09:48.554
128.39743277902352,2024-06-24 00:09:37.649
128.82360327324912,2024-06-24 01:09:32.800
127.45452097520865,2024-06-24 02:07:50.305
126.7601619567001,2024-06-24 03:08:32.148
126.31196328291807,2024-06-24 04:07:23.173
126.02377373135131,2024-06-24 05:10:17.398
124.21626703806996,2024-06-24 06:08:00.578
124.55720018563535,2024-06-24 07:10:17.012
125.11711821663222,2024-06-24 08:03:22.128
125.57849860500633,2024-06-24 09:09:31.960
125.99736576596693,2024-06-24 10:03:23.620
127.12177434985071,2024-06-24 11:08:11.995
127.06799627354387,2024-06-24 12:04:59.402
127.69042174771786,2024-06-24 13:07:52.375
129.23283989095333,2024-06-24 14:02:55.428
128.55649685589378,2024-06-24 15:05:57.322
125.84741742139678,2024-06-24 16:02:38.036
127.86340009525783,2024-06-24 17:10:20.987
127.89568103435923,2024-06-24 18:05:23.977
129.91251051367155,2024-06-24 19:04:08.973
127.94114901299194,2024-06-24 20:08:20.988
128.7326208828628,2024-06-24 21:06:29.964
131.01458169572592,2024-06-24 22:05:40.044
130.1012868485674,2024-06-24 23:01:25.396
132.26722650105737,2024-06-25 00:07:28.787
132.180013420159,2024-06-25 01:04:14.421
132.02925721470194,2024-06-25 02:04:58.189
132.70465242728972,2024-06-25 03:00:56.316
135.68869773597547,2024-06-25 04:04:40.242
136.19861354571236,2024-06-25 05:05:55.533
135.57941961631585,2024-06-25 06:07:29.559
135.89297196786362,2024-06-25 07:00:20.200
134.88955217044332,2024-06-25 08:01:51.684
134.06217490680027,2024-06-25 09:05:15.203
137.01747571990327,2024-06-25 10:09:33.074
138.6498688221903,2024-06-25 11:04:32.454
137.80069585890237,2024-06-25 12:01:15.617
136.77098811511223,2024-06-25 13:07:14.175
137.00323672783261,2024-06-25 14:05:40.774
138.07284579267403,2024-06-25 15:07:27.781
139.31293450113833,2024-06-25 16:05:36.296
137.66703676215323,2024-06-25 17:09:14.152
137.07281461151643,2024-06-25 18:10:17.110
139.14142463508844,2024-06-25 19:07:59.172
138.73841851064407,2024-06-25 20:07:45.086
138.10084647380984,2024-06-25 21:09:18.814
137.73755046158752,2024-06-25 22:06:53.676
136.8958460654614,2024-06-25 23:05:34.810
136.58656226714044,2024-06-26 00:04:15.665
136.41202563508787,2024-06-26 01:04:52.508
138.9297963885404,2024-06-26 02:03:15.397
138.89324655525346,2024-06-26 03:01:55.377
138.40086261417306,2024-06-26 04:02:06.844
136.87263776244833,2024-06-26 05:06:23.001
136.92288104003356,2024-06-26 06:08:50.248
136.94406956849318,2024-06-26 07:08:24.963
137.91192731435467,2024-06-26 08:04:18.318
136.66787614329294,2024-06-26 09:02:44.655
136.90772364639568,2024-06-26 10:06:31.238
136.75997968880486,2024-06-26 11:00:48.846
136.93322305647615,2024-06-26 12:00:46.314
136.8479671434281,2024-06-26 13:06:05.960
138.75776903669558,2024-06-26 14:02:58.754
138.0192311581208,2024-06-26 15:02:36.935
136.80595143044974,2024-06-26 16:02:54.168
135.8521854509875,2024-06-26 17:05:35.804
135.8419923530113,2024-06-26 18:09:51.873
135.5950587346747,2024-06-26 19:02:16.888
137.8238410127657,2024-06-26 20:09:18.392
137.05127060624585,2024-06-26 21:05:20.062
137.27914318216256,2024-06-26 22:08:29.566
137.35685171044975,2024-06-26 23:04:14.864
136.4415134350111,2024-06-27 00:00:14.157
136.6124374170584,2024-06-27 01:10:47.441
136.6022457963105,2024-06-27 02:03:10.530
136.63148972524985,2024-06-27 03:03:40.396
137.26241962117018,2024-06-27 04:00:35.360
136.91663459460915,2024-06-27 05:04:33.476
136.0502277518116,2024-06-27 06:05:30.989
135.74840871279426,2024-06-27 07:09:24.701
135.7965646780883,2024-06-27 08:04:09.292
136.28966437881306,2024-06-27 09:05:01.259
138.12832334150482,2024-06-27 10:11:01.801
138.49106163605146,2024-06-27 11:07:08.165
139.25529785785199,2024-06-27 12:08:33.730
139.49621195042576,2024-06-27 13:01:53.679
148.01435313576394,2024-06-27 14:01:21.805
147.65593054845962,2024-06-27 15:01:57.861
147.68971379127086,2024-06-27 16:11:48.714
147.67266243445692,2024-06-27 17:05:15.931
147.92259256981592,2024-06-27 18:10:00.109
148.56794408158544,2024-06-27 19:02:59.722
148.30823172337455,2024-06-27 20:05:31.594
149.23713285512994,2024-06-27 21:03:47.123
149.61295839080526,2024-06-27 22:10:22.299
150.01382424719918,2024-06-27 23:06:51.840
149.23075419544415,2024-06-28 00:01:42.129
147.38046274612626,2024-06-28 01:09:46.892
148.67133612509363,2024-06-28 02:07:40.254
146.82584931894817,2024-06-28 03:14:44.132
147.15833458118715,2024-06-28 04:08:54.761
146.01374569326796,2024-06-28 05:05:41.105
144.13960477422603,2024-06-28 06:03:10.179
144.86118278817867,2024-06-28 07:11:15.111
144.89354015706198,2024-06-28 08:02:00.561
145.1789095617154,2024-06-28 09:09:32.111
145.67702088449136,2024-06-28 10:05:56.341
144.902858619583,2024-06-28 11:00:24.175
145.52105592992984,2024-06-28 12:09:13.587
143.85711870986964,2024-06-28 13:10:11.729
143.138505811715,2024-06-28 14:04:47.644
141.46332580762956,2024-06-28 15:11:41.888
143.36105419040055,2024-06-28 16:03:24.075
142.6236973849532,2024-06-28 17:03:26.771
141.13652618411035,2024-06-28 18:00:37.372
141.16115573747723,2024-06-28 19:06:31.999
140.99145708371128,2024-06-28 20:10:46.006
139.99775944785705,2024-06-28 21:06:56.819
140.32855888733778,2024-06-28 22:08:45.389
139.79459756468287,2024-06-28 23:10:40.728
139.9113649001729,2024-06-29 00:08:59.913
141.01169787895375,2024-06-29 01:04:20.601
142.02548179847912,2024-06-29 02:08:44.730
141.66944355534065,2024-06-29 03:02:51.540
141.53868417796548,2024-06-29 04:03:18.009
141.1878175350994,2024-06-29 05:00:48.683
140.47156187834528,2024-06-29 06:03:18.649
141.16669606642247,2024-06-29 07:09:39.016
141.77847755486752,2024-06-29 08:10:44.317
141.7559961678852,2024-06-29 09:10:50.517
142.40418277810682,2024-06-29 10:03:57.121
142.45998738687555,2024-06-29 11:03:27.024
142.38692819444793,2024-06-29 12:00:46.376
141.9318358655879,2024-06-29 13:00:22.525
142.0221688075983,2024-06-29 14:10:36.917
141.6003571311262,2024-06-29 15:02:38.973
142.47022855349334,2024-06-29 16:01:52.816
141.98365492262334,2024-06-29 17:05:05.034
141.8967241877143,2024-06-29 18:09:08.518
141.67735251958388,2024-06-29 19:03:14.868
141.46981905080386,2024-06-29 20:05:39.586
140.72572205048826,2024-06-29 21:10:29.018
140.5606657931014,2024-06-29 22:04:15.702
140.02849032524517,2024-06-29 23:08:04.270
139.98926651580265,2024-06-30 00:02:22.385
140.40205582393793,2024-06-30 01:06:49.489
139.88641631816924,2024-06-30 02:04:57.544
138.6157816407311,2024-06-30 03:06:01.257
137.73267401542014,2024-06-30 04:07:23.371
137.3684159321887,2024-06-30 05:03:31.715
137.36511677065036,2024-06-30 06:08:15.427
139.1841363813486,2024-06-30 07:07:46.837
140.45935483814498,2024-06-30 08:03:54.813
141.0265623606719,2024-06-30 09:05:02.904
140.7161852910176,2024-06-30 10:01:21.134
140.41640613820746,2024-06-30 11:01:56.066
140.92427684946793,2024-06-30 12:02:18.387
140.70166354786062,2024-06-30 13:00:57.946
142.10105349089753,2024-06-30 14:03:53.500
142.00386347331468,2024-06-30 15:02:30.087
143.59394329632167,2024-06-30 16:08:28.451
142.99500380385487,2024-06-30 17:02:28.079
143.82270799925544,2024-06-30 18:08:04.304
145.31898933921863,2024-06-30 19:02:14.516
144.604271942995,2024-06-30 20:06:46.566
144.33825919617772,2024-06-30 21:01:38.518
144.1194549121156,2024-06-30 22:00:13.393
146.90031433396936,2024-06-30 23:05:39.146
146.2824771967103,2024-07-01 00:07:30.967
147.614442637225,2024-07-01 01:04:42.639
148.10212046402324,2024-07-01 02:02:02.208
147.11958413861777,2024-07-01 03:02:09.191
147.43945464981837,2024-07-01 04:01:35.148
147.29438013353592,2024-07-01 05:04:27.702
147.84051680348432,2024-07-01 06:09:08.898
147.52231633996567,2024-07-01 07:09:25.389
148.10545084608202,2024-07-01 08:03:08.230
147.3779843960396,2024-07-01 09:05:34.333
147.56708329677411,2024-07-01 10:03:59.201
146.41762661920805,2024-07-01 11:07:25.936
145.89279035399161,2024-07-01 12:06:18.903
147.17849947004672,2024-07-01 13:02:11.335
147.029511223201,2024-07-01 14:12:02.594
147.79671604107875,2024-07-01 15:09:47.920
148.5763380622857,2024-07-01 16:05:28.437
147.67845692895037,2024-07-01 17:04:33.657
148.45279214459453,2024-07-01 18:10:45.866
147.30173417627344,2024-07-01 19:11:04.764
147.12491072916785,2024-07-01 20:03:36.940
147.40056497899093,2024-07-01 21:05:42.376
147.38935390748875,2024-07-01 22:05:02.426
146.6439159192261,2024-07-01 23:01:31.361
146.34737782842973,2024-07-02 00:01:46.145
147.293882361654,2024-07-02 01:04:16.711
147.73797494013357,2024-07-02 02:08:38.603
148.8913639325905,2024-07-02 03:10:38.442
149.05530160959333,2024-07-02 04:00:27.572
148.79779090443085,2024-07-02 05:08:05.331
148.82226327922126,2024-07-02 06:03:33.936
147.31588014494633,2024-07-02 07:09:22.793
147.17290238129556,2024-07-02 08:04:11.998
147.83908214222785,2024-07-02 09:04:18.444
147.70143192455257,2024-07-02 10:11:16.567
148.3706348263082,2024-07-02 11:12:11.804
149.46095701741376,2024-07-02 12:04:41.482
150.44759259749262,2024-07-02 13:10:54.519
149.00608154814455,2024-07-02 14:11:42.177
148.10436638846022,2024-07-02 15:05:50.463
147.9722579419713,2024-07-02 16:02:11.817
148.7198611589155,2024-07-02 17:05:53.267
149.57499963822175,2024-07-02 18:03:22.993
152.64236715227906,2024-07-02 19:00:56.125
152.4675062775546,2024-07-02 20:08:35.912
152.91814637178334,2024-07-02 21:03:51.289
153.4897161311699,2024-07-02 22:02:17.190
154.64662948945391,2024-07-02 23:09:14.367
153.89192946678799,2024-07-03 00:08:50.613
153.211851943475,2024-07-03 01:03:26.719
151.69800867470636,2024-07-03 02:05:27.695
151.7776741579357,2024-07-03 03:08:54.180
150.35275573028326,2024-07-03 04:05:28.836
148.2183618109342,2024-07-03 05:07:34.959
148.87006401321372,2024-07-03 06:00:15.835
148.63475925715437,2024-07-03 07:09:53.825
146.4368298489103,2024-07-03 08:03:49.195
146.1250934720813,2024-07-03 09:08:41.290
146.26115801778286,2024-07-03 10:02:02.695
144.33281243957506,2024-07-03 11:02:03.857
143.15909684670876,2024-07-03 12:09:58.450
141.4800051797406,2024-07-03 13:00:56.847
143.7511472780972,2024-07-03 14:05:34.441
141.70768776595085,2024-07-03 15:04:45.702
141.66786229954062,2024-07-03 16:06:05.428
142.32156333636038,2024-07-03 17:00:30.084
141.86701242189187,2024-07-03 18:06:23.011
141.4664678380893,2024-07-03 19:04:16.833
140.2092690234806,2024-07-03 20:10:04.988
140.18678808580682,2024-07-03 21:05:39.262
141.3838077219746,2024-07-03 22:09:46.365
141.001271213398,2024-07-03 23:09:08.817
141.0449162146624,2024-07-04 00:08:02.720
142.403648369418,2024-07-04 01:04:21.469
135.2818111555148,2024-07-04 02:01:43.845
136.28901598311182,2024-07-04 03:09:17.994
136.5864902528631,2024-07-04 04:09:33.492
136.50522657976438,2024-07-04 05:11:31.472
135.9625636191658,2024-07-04 06:02:22.564
134.73965552487883,2024-07-04 07:08:47.771
134.2372000614062,2024-07-04 08:03:38.176
135.01249415634453,2024-07-04 09:09:56.151
133.73419668298968,2024-07-04 10:09:11.793
134.2488308035786,2024-07-04 11:07:42.597
132.6344827549796,2024-07-04 12:05:12.721
132.95185125500007,2024-07-04 13:05:12.795
133.1525919646314,2024-07-04 14:05:29.927
134.00381854635492,2024-07-04 15:02:50.033
135.3420887035591,2024-07-04 16:06:12.781
135.10894964620306,2024-07-04 17:04:50.581
135.13033740365472,2024-07-04 18:10:34.128
134.15165003615462,2024-07-04 19:01:23.653
133.5645298319847,2024-07-04 20:10:48.241
134.7271513257495,2024-07-04 21:03:38.501
135.03101055394663,2024-07-04 22:11:19.204
132.4028347769576,2024-07-04 23:05:31.303
127.53157904567169,2024-07-05 00:09:10.218
128.20055286044692,2024-07-05 01:00:37.818
128.5849167364551,2024-07-05 02:05:35.135
123.9334974124413,2024-07-05 03:06:11.204
123.3865082175112,2024-07-05 04:02:54.003
126.08653720996706,2024-07-05 05:09:31.184
127.39353216764651,2024-07-05 06:02:25.080
125.62182600925732,2024-07-05 07:05:39.137
126.56374366622097,2024-07-05 08:02:37.679
122.65167964225446,2024-07-05 09:09:33.287
126.12714417924111,2024-07-05 10:06:34.405
128.6322731372943,2024-07-05 11:05:59.741
129.94327926532543,2024-07-05 12:01:02.891
128.75905489948605,2024-07-05 13:09:19.419
132.8014137324239,2024-07-05 14:07:13.714
133.6665932085428,2024-07-05 15:09:40.633
134.2107228206387,2024-07-05 16:01:50.096
134.47144735640398,2024-07-05 17:03:54.787
134.54929845756388,2024-07-05 18:08:48.177
135.00279452472665,2024-07-05 19:08:35.371
134.7510720976563,2024-07-05 20:00:05.541
135.2212574680472,2024-07-05 21:04:52.358
135.04424923908627,2024-07-05 22:00:55.392
134.5708435296515,2024-07-05 23:08:49.596
134.26285461932628,2024-07-06 00:03:08.790
134.36646205170322,2024-07-06 01:08:56.329
133.54602484922168,2024-07-06 02:08:33.362
133.91445636642638,2024-07-06 03:08:00.809
134.51146883255177,2024-07-06 04:05:40.250
133.9641583030264,2024-07-06 05:10:47.357
134.49992419515308,2024-07-06 06:04:11.107
136.02235367399928,2024-07-06 07:01:31.987
136.88759885556746,2024-07-06 08:10:04.572
136.80474654928375,2024-07-06 09:00:23.124
138.9499740054655,2024-07-06 10:00:31.032
139.81095631827094,2024-07-06 11:02:52.385
138.92469633298475,2024-07-06 12:01:37.119
138.65364482948542,2024-07-06 13:03:47.732
139.93168440135418,2024-07-06 14:04:14.850
140.0294255921567,2024-07-06 15:01:45.120
141.33149783651598,2024-07-06 16:08:52.513
142.54556470357485,2024-07-06 17:04:01.896
142.35401723548344,2024-07-06 18:10:25.949
142.45730714070086,2024-07-06 19:03:08.130
142.88582488206993,2024-07-06 20:01:46.435
142.5637677748066,2024-07-06 21:00:51.004
143.20143380659286,2024-07-06 22:03:05.632
143.62892350869203,2024-07-06 23:06:32.376
143.32969268395115,2024-07-07 00:04:49.239
141.24802684855928,2024-07-07 01:05:52.764
141.0605650144661,2024-07-07 02:06:02.781
142.69417358059818,2024-07-07 03:05:47.100
141.94248854388215,2024-07-07 04:08:28.622
139.40993083192276,2024-07-07 05:02:56.821
140.154098782941,2024-07-07 06:01:54.577
140.167315428857,2024-07-07 07:08:04.740
139.1190739291744,2024-07-07 08:00:19.659
139.72042769062196,2024-07-07 09:09:56.121
140.03762291885036,2024-07-07 10:07:56.009
139.972344742769,2024-07-07 11:06:37.141
139.74513919361067,2024-07-07 12:10:57.822
139.34020415168317,2024-07-07 13:09:18.591
136.34253295363786,2024-07-07 14:10:18.773
136.92833981023327,2024-07-07 15:03:02.149
136.99921324695248,2024-07-07 16:01:52.266
138.37269096162933,2024-07-07 17:05:26.819
138.7219908756402,2024-07-07 18:00:52.290
137.72154454968597,2024-07-07 19:11:03.593
137.0561242017218,2024-07-07 20:11:54.837
136.82522906696065,2024-07-07 21:00:30.373
135.145474947854,2024-07-07 22:09:31.784
133.45184916942347,2024-07-07 23:02:37.913
132.1340912028874,2024-07-08 00:08:13.787
128.3253783570777,2024-07-08 01:08:11.254
130.19115985826997,2024-07-08 02:10:09.535
131.1590415635497,2024-07-08 03:05:25.587
130.36624884226518,2024-07-08 04:08:27.579
134.01307851801067,2024-07-08 05:07:28.375
132.18686160534827,2024-07-08 06:12:21.424
132.24925737553497,2024-07-08 07:11:13.368
132.65179620247116,2024-07-08 08:02:50.487
141.2722354564581,2024-07-08 09:09:22.598
139.7961765880642,2024-07-08 10:10:19.798
139.64367358921194,2024-07-08 11:07:29.772
140.5556361314446,2024-07-08 12:04:38.055
140.26857762924357,2024-07-08 13:06:48.609
140.92095174391926,2024-07-08 14:05:43.138
138.46313534614288,2024-07-08 15:04:22.912
137.88420419516999,2024-07-08 16:07:45.647
136.2406695419571,2024-07-08 17:08:37.044
136.9697628547893,2024-07-08 18:07:25.833
137.84400509260286,2024-07-08 19:07:49.356
138.38391828734703,2024-07-08 20:04:51.621
138.60505756331523,2024-07-08 21:11:38.499
139.85440042729107,2024-07-08 22:11:05.241
139.99044450050008,2024-07-08 23:11:30.643
139.62677798430272,2024-07-09 00:04:49.830
138.64187050515383,2024-07-09 01:02:44.956
136.38848629588838,2024-07-09 02:11:41.981
139.64298182600206,2024-07-09 03:09:34.503
140.60638029271834,2024-07-09 04:09:45.609
140.9329362605004,2024-07-09 05:08:38.214
141.0830323332973,2024-07-09 06:08:08.962
142.85490635578228,2024-07-09 07:11:22.152
141.86961163730015,2024-07-09 08:04:49.858
142.9398365520989,2024-07-09 09:02:10.965
142.1191395661874,2024-07-09 10:04:11.022
141.21830960408602,2024-07-09 11:08:24.270
141.87993704818226,2024-07-09 12:03:52.862
140.952685167881,2024-07-09 13:01:33.740
140.26170616509492,2024-07-09 14:07:59.477
139.5463866556321,2024-07-09 15:02:32.600
140.6017720145397,2024-07-09 16:03:15.435
141.86889121369404,2024-07-09 17:00:10.288
141.48302420161386,2024-07-09 18:04:57.369
142.23444301096325,2024-07-09 19:08:46.624
142.1764683300043,2024-07-09 20:12:06.810
142.56692063794924,2024-07-09 21:00:38.514
142.04269098795484,2024-07-09 22:02:41.067
142.16375292376856,2024-07-09 23:01:34.819
141.39492780457417,2024-07-10 00:02:46.949
139.79993524548155,2024-07-10 01:01:32.486
140.21829909736186,2024-07-10 02:03:13.646
140.94723968946883,2024-07-10 03:02:18.149
142.3533715300556,2024-07-10 04:09:21.353
145.2386530631779,2024-07-10 05:05:46.959
144.29331276004237,2024-07-10 06:07:38.717
144.68136266980238,2024-07-10 07:06:44.623
143.85157362639606,2024-07-10 08:00:05.114
143.79744946918345,2024-07-10 09:06:52.174
143.28531426248082,2024-07-10 10:09:23.363
143.6977657199992,2024-07-10 11:04:09.696
142.80023729736865,2024-07-10 12:02:50.314
142.28145081733226,2024-07-10 13:08:40.942
141.71147850340452,2024-07-10 14:03:26.801
140.64162130175654,2024-07-10 15:08:50.360
141.67969152315038,2024-07-10 16:12:04.038
141.21513864512806,2024-07-10 17:05:31.063
141.0168943837323,2024-07-10 18:03:34.210
140.38064872903723,2024-07-10 19:09:41.508
141.18415504966165,2024-07-10 20:12:03.798
141.1359526424391,2024-07-10 21:01:14.788
141.2276051822443,2024-07-10 22:09:43.965
141.40091322392502,2024-07-10 23:10:48.678
141.613761141109,2024-07-11 00:07:13.428
141.1791459294516,2024-07-11 01:08:11.328
142.85897318041654,2024-07-11 02:00:04.726
141.6378236091722,2024-07-11 03:09:47.471
140.1749964097751,2024-07-11 04:07:27.527
140.74048065961694,2024-07-11 05:07:47.921
141.19865361212925,2024-07-11 06:07:18.410
141.5535406274669,2024-07-11 07:06:41.230
142.51623585838456,2024-07-11 08:07:48.550
142.86792912521213,2024-07-11 09:09:51.008
142.80220700587685,2024-07-11 10:06:12.808
142.97097069271655,2024-07-11 11:01:06.670
143.8711830854476,2024-07-11 12:01:30.663
143.58459572891059,2024-07-11 13:01:27.785
142.53301283090926,2024-07-11 14:07:15.605
140.83151056145334,2024-07-11 15:03:29.610
138.14436518876707,2024-07-11 16:03:00.547
138.33557511185793,2024-07-11 17:00:54.060
138.39545405389137,2024-07-11 18:00:57.401
138.67158076749774,2024-07-11 19:09:53.670
136.68667341039338,2024-07-11 20:09:05.655
137.2144729158587,2024-07-11 21:10:44.151
136.55573327990558,2024-07-11 22:03:42.779
136.77681680589885,2024-07-11 23:07:42.376
135.8133561644635,2024-07-12 00:05:31.758
136.00920657003428,2024-07-12 01:08:08.829
136.3516882971856,2024-07-12 02:02:03.423
137.61133215544723,2024-07-12 03:07:34.873
136.75157052911817,2024-07-12 04:05:51.465
135.95447854923924,2024-07-12 05:10:02.730
135.80867916637362,2024-07-12 06:07:20.469
136.33647884356103,2024-07-12 07:04:55.194
135.47950214968876,2024-07-12 08:02:31.171
135.64679481545684,2024-07-12 09:08:40.712
134.89819146523362,2024-07-12 10:09:19.412
135.55588952592242,2024-07-12 11:06:16.821
135.87914186801243,2024-07-12 12:07:39.970
136.75872906023142,2024-07-12 13:06:56.403
138.87507868257552,2024-07-12 14:03:47.441
138.24121056193192,2024-07-12 15:09:23.286
138.7320543410881,2024-07-12 16:07:51.637
138.3370854462639,2024-07-12 17:00:53.689
138.71949547411072,2024-07-12 18:09:49.194
139.75703662440785,2024-07-12 19:00:37.119
138.08156875795757,2024-07-12 20:14:22.131
138.18360796305072,2024-07-12 21:12:30.348
138.17685046297828,2024-07-12 22:01:51.882
138.57048962748448,2024-07-12 23:00:35.462
139.4338750387952,2024-07-13 00:05:01.114
138.96292113189028,2024-07-13 01:07:32.021
139.073176585244,2024-07-13 02:09:53.992
139.1135284038648,2024-07-13 03:06:09.573
138.77484252227,2024-07-13 04:02:36.782
138.22836384379872,2024-07-13 05:04:27.192
139.1229915326158,2024-07-13 06:01:51.953
138.78049174602097,2024-07-13 07:08:05.710
139.41366680571522,2024-07-13 08:08:00.573
138.81157237541845,2024-07-13 09:01:20.871
140.52363502178287,2024-07-13 10:05:56.314
139.56062843804247,2024-07-13 11:10:51.282
140.0353129443396,2024-07-13 12:04:26.089
140.25278337261565,2024-07-13 13:08:22.747
140.1240889324254,2024-07-13 14:05:09.548
140.010999358688,2024-07-13 15:06:14.497
140.24732740744875,2024-07-13 16:08:13.322
139.5495578871443,2024-07-13 17:04:21.187
139.8044471723504,2024-07-13 18:07:59.463
139.4357338435093,2024-07-13 19:00:45.416
139.90521954972638,2024-07-13 20:00:50.003
139.7978819874019,2024-07-13 21:04:00.883
140.0969162082687,2024-07-13 22:10:47.213
142.20516846483463,2024-07-13 23:09:13.943
141.94880919216342,2024-07-14 00:03:58.731
145.0840601683501,2024-07-14 01:02:56.777
145.0343247583202,2024-07-14 02:05:30.627
143.93641172151555,2024-07-14 03:08:15.761
144.15524748562095,2024-07-14 04:02:22.608
145.055174901138,2024-07-14 05:05:07.027
145.6387606802596,2024-07-14 06:09:34.596
144.57311501701503,2024-07-14 07:01:27.410
145.15528884761162,2024-07-14 08:07:08.543
145.3747082904158,2024-07-14 09:00:44.406
146.6179144635128,2024-07-14 10:07:42.059
145.1353058259653,2024-07-14 11:03:46.611
145.09639458649224,2024-07-14 12:04:17.191
143.92776915625595,2024-07-14 13:00:34.230
144.2668693170004,2024-07-14 14:09:13.396
145.6030640146072,2024-07-14 15:10:04.049
145.73578184474079,2024-07-14 16:09:06.956
145.5587931433465,2024-07-14 17:02:59.727
145.2045928255015,2024-07-14 18:03:19.498
145.14072316217903,2024-07-14 19:01:28.971
145.22783242731015,2024-07-14 20:08:00.098
145.61570102276687,2024-07-14 21:06:29.229
148.13727403325478,2024-07-14 22:09:12.034
147.20861702678883,2024-07-14 23:08:51.761
147.6698055810411,2024-07-15 00:09:57.205
150.60533303820446,2024-07-15 01:07:59.768
150.88856902771656,2024-07-15 02:01:13.135
152.1236080659287,2024-07-15 03:01:50.482
151.50271985624303,2024-07-15 04:03:09.845
151.93987003531097,2024-07-15 05:08:57.519
151.99891199590613,2024-07-15 06:11:53.241
153.2285187075987,2024-07-15 07:08:07.121
153.41062487704903,2024-07-15 08:03:40.098
152.70358348899305,2024-07-15 09:06:03.274
152.35177051799448,2024-07-15 10:08:08.328
151.51671269425637,2024-07-15 11:08:23.643
151.7122635642238,2024-07-15 12:03:51.196
152.5392811367902,2024-07-15 13:06:40.128
152.79560177224528,2024-07-15 14:11:56.658
153.49952465623468,2024-07-15 15:05:19.545
153.08435463491895,2024-07-15 16:02:08.066
154.49651842314015,2024-07-15 17:12:49.796
154.30140102400338,2024-07-15 18:02:20.894
155.883720749284,2024-07-15 19:05:02.168
155.7227919330696,2024-07-15 20:06:17.106
156.75419986224074,2024-07-15 21:06:36.369
156.6885162853705,2024-07-15 22:05:34.247
158.56232523575957,2024-07-15 23:08:17.347
160.08420143641575,2024-07-16 00:12:18.579
158.41012556704263,2024-07-16 01:03:57.350
158.16173137846542,2024-07-16 02:12:03.254
156.89960025855308,2024-07-16 03:01:40.553
157.5901189531978,2024-07-16 04:09:52.899
158.22821638017334,2024-07-16 05:00:32.328
155.34080384250592,2024-07-16 06:01:55.370
153.87458847816941,2024-07-16 07:06:21.101
154.56705887582143,2024-07-16 08:05:49.233
154.33922126464392,2024-07-16 09:08:53.806
155.07413146246697,2024-07-16 10:09:55.465
156.1920788435383,2024-07-16 11:10:52.513
157.53201945941498,2024-07-16 12:07:35.334
156.18806273196,2024-07-16 13:04:49.883
155.58061144621564,2024-07-16 14:03:26.832
156.27852168502505,2024-07-16 15:07:53.635
161.64638461996174,2024-07-16 16:11:43.240
160.9246905471223,2024-07-16 17:04:35.670
161.61002925817974,2024-07-16 18:11:03.602
162.10514390224415,2024-07-16 19:04:26.635
162.06338963348685,2024-07-16 20:04:42.101
160.24525672607444,2024-07-16 21:08:53.287
160.69530514633198,2024-07-16 22:09:20.594
160.0374785985352,2024-07-16 23:03:03.931
160.4661391982543,2024-07-17 00:07:46.154
161.49817835057914,2024-07-17 01:03:29.925
162.10790089405162,2024-07-17 02:00:55.392
161.2682237723898,2024-07-17 03:02:09.220
160.94318013028897,2024-07-17 04:04:30.997
161.27922501801865,2024-07-17 05:06:13.989
161.47770198480703,2024-07-17 06:02:49.590
161.26798679397467,2024-07-17 07:05:17.820
160.8473940188758,2024-07-17 08:00:05.045
161.96973009438292,2024-07-17 09:02:33.053
163.33729851009574,2024-07-17 10:03:47.886
162.61582636001572,2024-07-17 11:01:51.977
161.06559037970888,2024-07-17 12:08:43.709
160.59614528184906,2024-07-17 13:01:51.393
160.58673786337624,2024-07-17 14:12:38.034
160.23598180079895,2024-07-17 15:06:30.203
157.99189319214076,2024-07-17 16:10:26.690
155.82418371537275,2024-07-17 17:04:26.349
156.43139319567354,2024-07-17 18:06:56.579
156.66190758425205,2024-07-17 19:03:13.782
156.99628831848327,2024-07-17 20:06:49.300
155.42429234208737,2024-07-17 21:11:47.956
156.50819555413435,2024-07-17 22:01:51.605
155.9469343198482,2024-07-17 23:08:36.468
155.88310035341556,2024-07-18 00:10:58.652
157.99162452520346,2024-07-18 01:01:13.430
159.04667049660708,2024-07-18 02:02:45.593
158.50218030588127,2024-07-18 03:11:27.097
159.03633870272458,2024-07-18 04:06:18.185
157.85995602428017,2024-07-18 05:11:33.795
159.19574159105002,2024-07-18 06:12:18.683
159.45368949255322,2024-07-18 07:10:42.901
158.81662639205686,2024-07-18 08:03:29.963
159.47127981104347,2024-07-18 09:02:53.017
159.0761676577205,2024-07-18 10:11:38.855
159.0841800133503,2024-07-18 11:08:08.066
159.42811497782523,2024-07-18 12:02:09.551
161.0231729277453,2024-07-18 13:01:22.147
160.6866757337798,2024-07-18 14:03:49.828
157.52723907866897,2024-07-18 15:09:30.443
156.65761478222197,2024-07-18 16:12:46.173
157.5527377322078,2024-07-18 17:03:13.100
156.19772725161204,2024-07-18 18:02:55.491
156.49873641120016,2024-07-18 19:02:59.782
157.068778334859,2024-07-18 20:11:46.881
158.0100495865611,2024-07-18 21:07:06.007
158.02131364917568,2024-07-18 22:09:05.600
160.09111459740177,2024-07-18 23:10:03.017
158.7916939748667,2024-07-19 00:11:22.658
157.80226903446172,2024-07-19 01:05:14.455
158.45565460719982,2024-07-19 02:02:40.557
159.3469560838286,2024-07-19 03:11:52.642
161.39544187538257,2024-07-19 04:11:57.280
160.91918041739464,2024-07-19 05:02:12.687
161.77311310089758,2024-07-19 06:02:15.356
164.3773372230882,2024-07-19 07:06:10.484
161.68720377713404,2024-07-19 08:10:28.448
162.14238511939993,2024-07-19 09:08:37.366
161.50136099851892,2024-07-19 10:09:42.569
162.2574002640057,2024-07-19 11:04:47.431
162.4844467788181,2024-07-19 12:05:19.243
163.50248940637442,2024-07-19 13:10:55.652
167.6146739559556,2024-07-19 14:05:31.188
168.49981872212845,2024-07-19 15:09:55.338
171.20257032886002,2024-07-19 16:10:08.310
169.19753416450615,2024-07-19 17:09:47.103
170.6151832487406,2024-07-19 18:04:12.612
170.2786357646773,2024-07-19 19:07:20.977
169.29442020221936,2024-07-19 20:09:56.568
169.2096583018806,2024-07-19 21:03:22.396
168.5503645175628,2024-07-19 22:07:25.112
169.47504722983643,2024-07-19 23:09:41.686
169.21417592208888,2024-07-20 00:02:11.566
169.3178483077066,2024-07-20 01:06:05.050
169.70328507289608,2024-07-20 02:01:32.037
171.19478228676985,2024-07-20 03:07:04.978
169.72793950945533,2024-07-20 04:05:49.122
170.41178307605844,2024-07-20 05:05:37.174
170.04886356979176,2024-07-20 06:03:12.922
169.43224752163712,2024-07-20 07:04:35.726
168.7167888721556,2024-07-20 08:05:01.784
168.7462617577381,2024-07-20 09:01:37.326
169.3868663098485,2024-07-20 10:09:07.451
168.77743496912328,2024-07-20 11:04:12.879
168.38818854034724,2024-07-20 12:06:53.377
168.67650394889128,2024-07-20 13:09:27.578
168.55093137276972,2024-07-20 14:08:46.982
169.08050393815802,2024-07-20 15:01:38.103
169.3016880604943,2024-07-20 16:08:12.272
169.52169266141522,2024-07-20 17:07:56.280
174.1741100297042,2024-07-20 18:01:57.711
173.74596814015248,2024-07-20 19:09:34.272
172.57645123558117,2024-07-20 20:04:53.425
173.7405748498866,2024-07-20 21:01:59.462
174.63538100773968,2024-07-20 22:07:11.123
173.83735585455258,2024-07-20 23:04:36.176
173.65799231282455,2024-07-21 00:07:42.858
172.96782953976322,2024-07-21 01:04:01.303
174.09434509764483,2024-07-21 02:03:17.863
173.6304781591526,2024-07-21 03:05:21.001
173.23820027813736,2024-07-21 04:02:55.297
173.26837602491628,2024-07-21 05:03:25.289
173.37868935051245,2024-07-21 06:07:51.282
171.45119250910614,2024-07-21 07:03:46.877
171.8158312313661,2024-07-21 08:00:30.859
171.49188587531881,2024-07-21 09:02:40.896
172.59792173633835,2024-07-21 10:07:51.431
172.52545093922043,2024-07-21 11:08:49.266
172.92599263082778,2024-07-21 12:06:48.530
172.71188240994837,2024-07-21 13:01:33.836
172.0781732569272,2024-07-21 14:09:41.087
174.99426778442597,2024-07-21 15:07:51.184
175.57107221963238,2024-07-21 16:08:44.823
176.6463990546894,2024-07-21 17:08:45.267
173.2769067153747,2024-07-21 18:08:35.697
174.47224787683373,2024-07-21 19:07:45.408
177.51245709448764,2024-07-21 20:00:42.712
182.32169714944683,2024-07-21 21:02:52.478
184.26595567559866,2024-07-21 22:07:09.777
184.01304226407368,2024-07-21 23:04:11.158
184.4422973598506,2024-07-22 00:10:20.687
182.88652590514977,2024-07-22 01:04:08.378
181.36139591149166,2024-07-22 02:07:20.940
182.2868633571116,2024-07-22 03:11:28.877
180.94487946681494,2024-07-22 04:10:42.254
181.0062287777572,2024-07-22 05:13:53.001
179.4057328526073,2024-07-22 06:02:30.512
178.60502838226517,2024-07-22 07:13:34.730
178.50180170743488,2024-07-22 08:08:49.676
177.31182635489662,2024-07-22 09:03:12.520
178.64009751534314,2024-07-22 10:04:56.972
179.80657683303133,2024-07-22 11:08:51.272
180.21747426232557,2024-07-22 12:11:30.869
181.1093542984141,2024-07-22 13:09:37.504
178.61803445955232,2024-07-22 14:02:40.885
178.086215618552,2024-07-22 15:02:19.000
